"","author","title","description","url","urlToImage","publishedAt","content","source.id","source.name"
"1","Amanda Yeo","Bias, comeback, and aegyo: What all those K-pop words actually mean","K-pop has taken the Western world by storm, with groups such as BTS
, Blackpink
, Stray Kids, and Twice captivating fans with their addictive songs and magnetic personalities. If your pop culture consumption has primarily been in English up until now, the K…","https://mashable.com/article/kpop-glossary-maknae-bts/","https://mondrian.mashable.com/2020%252F11%252F27%252F98%252F4cd1da9d39c046b0a3f2a879030955c9.8887f.png%252F1200x630.png?signature=ft8zm45MauYr6mlpUQOcDRNpuyc=","2020-11-29T14:30:00Z","K-pop has taken the Western world by storm, with groups such as BTS
, Blackpink
, Stray Kids, and Twice captivating fans with their addictive songs and magnetic personalities. If your pop culture c… [+22772 chars]","mashable","Mashable"
"2","https://www.facebook.com/bbcnews","BTS: K-pop band earns first ever Grammy nomination","It's also the first time a Korean pop group has been nominated at the prestigious US music awards.","https://www.bbc.co.uk/news/world-asia-55068627","https://ichef.bbci.co.uk/news/1024/branded_news/0A5D/production/_115635620_gettyimages-1207828603.jpg","2020-11-25T07:08:50Z","image copyrightGetty Images
image captionBTS is currently one of the world's biggest pop bands
Global sensation BTS has become the first K-pop group to ever receive a Grammy nomination.
Their late… [+2234 chars]","bbc-news","BBC News"
"3",NA,"BTS releases new album 'BE', music video trends #1","K-Pop boy band BTS dropped their latest album ""BE"" along with a new music video for the song ""Life Goes On.""","https://www.cnn.com/videos/entertainment/2020/11/21/bts-new-single-be-new-video-album-llr-dp-orig.cnn","https://cdn.cnn.com/cnnnext/dam/assets/200122044515-bts-concert-file-super-tease.jpg","2020-11-21T13:20:13Z",NA,"cnn","CNN"
"4","Rhea Mogul, CNN","K-pop group BTS can defer military service after South Korea passes new law","K-pop fans can breathe a sigh of relief, with BTS here to stay -- for a few more years, at least.","https://www.cnn.com/2020/12/02/asia/bts-military-exemption-intl-hnk-scli/index.html","https://cdn.cnn.com/cnnnext/dam/assets/201124224159-bts-ama-2020-super-tease.jpg","2020-12-02T06:25:32Z","(CNN)K-pop fans can breathe a sigh of relief, with BTS here to stay -- for a few more years, at least.
Fans have long worried that the boy band, arguably the biggest in the world, could see their su… [+1394 chars]","cnn","CNN"
"5","Reuters Editorial","K-pop stars, a panda, and anger in China - Reuters.com","A reality TV episode showing K-pop girl band BLACKPINK holding a newly born panda was pulled after accusations in China that the group mishandled a national treasure, the latest problem between South Korea's entertainment stars and audiences in its larger nei…","https://www.reuters.com/video/watch/idOVD3ZPHM3","https://static.reuters.com/resources/r/?d=20201110&i=OVD3ZPHM3&r=OVD3ZPHM3&t=2","2020-11-10T12:31:43Z","Posted 
A reality TV episode showing K-pop girl band BLACKPINK holding a newly born panda was pulled after accusations in China that the group mishandled a national treasure, the latest problem betw… [+96 chars]","reuters","Reuters"
"6",NA,"K-Pop band BTS named Time's entertainer of the year - Reuters India","K-Pop band BTS named Time's entertainer of the year  Reuters India","https://www.reuters.com/article/us-time-person-bts-idUSKBN28K38O",NA,"2020-12-10T21:52:00Z","FILE PHOTO: Members of South Korean K-Pop band BTS react on the red carpet during 2015 Mnet Asian Music Awards (MAMA) in Hong Kong, China, December 2, 2015. REUTERS/Bobby Yip
Media Industry 
Reuter… [+1297 chars]","reuters","Reuters"
"7","Cherlynn Low","Apple Music arrives on Google's smart speakers and displays","It’s hard to imagine Apple and Google playing nice on a device, but that can be the case starting today. That is, for music streaming, anyway. Google announced today that Apple Music is now rolling out to Assistant-enabled speakers and displays like the Nest …","https://www.engadget.com/apple-music-google-assistant-speaker-display-nest-audio-160001811.html","https://o.aolcdn.com/images/dims?resize=1200%2C630&crop=1200%2C630%2C0%2C0&quality=95&image_uri=https%3A%2F%2Fs.yimg.com%2Fos%2Fcreatr-uploaded-images%2F2020-12%2F1f16d840-3670-11eb-b3df-7921156b7d23&client=amp-blogside-v2&signature=fa2f5743817d6bc4fd97d8be592397eb7526dc6a","2020-12-07T16:00:01Z","It’s hard to imagine Apple and Google playing nice on a device, but that can be the case starting today. That is, for music streaming, anyway. Google announced today that Apple Music is now rolling o… [+588 chars]","engadget","Engadget"
"8","Cynthia Kim","Collapse in BTS label's shares sparks South Korean soul searching over IPO process - Reuters","Big Hit Entertainment Co., the management label behind K-pop sensation BTS, debuted with a bang, but its dramatic crash after a pop on the first day of trading is causing South Korean regulators to seek safeguards for mom-and-pop investors.","https://www.reuters.com/article/us-bts-big-hit-investors-rules-idUSKBN27S0V2","https://static.reuters.com/resources/r/?m=02&d=20201112&t=2&i=1540939015&r=LYNXMPEGAB0GO&w=800","2020-11-12T07:33:00Z","SEOUL (Reuters) - Big Hit Entertainment Co., the management label behind K-pop sensation BTS, debuted with a bang, but its dramatic crash after a pop on the first day of trading is causing South Kore… [+3255 chars]","reuters","Reuters"
"9","Hyonhee Shin","South Korea passes law to allow BTS to postpone military service - Reuters","South Korea's parliament on Tuesday passed a bill to allow globally recognised K-pop artists such as BTS to postpone their mandatory military service to age 30.","https://www.reuters.com/article/southkorea-kpop-idUSKBN28B4GH","https://static.reuters.com/resources/r/?m=02&d=20201201&t=2&i=1543033535&r=LYNXMPEGB02FJ&w=800","2020-12-01T10:21:00Z","SEOUL (Reuters) - South Koreas parliament on Tuesday passed a bill to allow globally recognised K-pop artists such as BTS to postpone their mandatory military service to age 30.
All able-bodied Sout… [+1767 chars]","reuters","Reuters"
"10","Reuters Staff","K-Pop band BTS named Time's entertainer of the year - Reuters Canada","K-pop group BTS was named entertainer of the year by Time magazine on Thursday, capping a breakthrough year in the United States for the South Korean boy band.","https://ca.reuters.com/article/us-time-person-bts-idCAKBN28K38O","https://static.reuters.com/resources/r/?m=02&d=20201210&t=2&i=1544160405&r=LYNXMPEGB91SC&w=800","2020-12-10T21:56:03Z","By Reuters Staff
FILE PHOTO: Members of South Korean K-Pop band BTS react on the red carpet during 2015 Mnet Asian Music Awards (MAMA) in Hong Kong, China, December 2, 2015. REUTERS/Bobby Yip
(Reut… [+1137 chars]","reuters","Reuters"
"11","Sangmi Cha","South Korea's BTS snags first ever Grammy nomination for a K-Pop band - Reuters India","South Korean boy band BTS on Tuesday snagged the first ever Grammy nomination for a K-pop band, taking the worldwide sensation a step closer to winning the music award.","https://in.reuters.com/article/awards-grammys-nominations-bts-idINKBN285090","https://static.reuters.com/resources/r/?m=02&d=20201125&t=2&i=1542361816&r=LYNXMPEGAO03P&w=800","2020-11-25T02:24:00Z","SEOUL (Reuters) - South Korean boy band BTS on Tuesday snagged the first ever Grammy nomination for a K-pop band, taking the worldwide sensation a step closer to winning the music award.
FILE PHOTO:… [+1516 chars]","reuters","Reuters"
"12","Sangmi Cha","South Korea's BTS snags first ever Grammy nomination for a K-Pop band - Reuters","South Korean boy band BTS on Tuesday snagged the first ever Grammy nomination for a K-pop band, taking the worldwide sensation a step closer to winning the music award.","https://www.reuters.com/article/us-awards-grammys-nominations-bts-idUSKBN28506I","https://static.reuters.com/resources/r/?m=02&d=20201125&t=2&i=1542360113&r=LYNXMPEGAO02P&w=800","2020-11-25T02:01:00Z","SEOUL (Reuters) - South Korean boy band BTS on Tuesday snagged the first ever Grammy nomination for a K-pop band, taking the worldwide sensation a step closer to winning the music award.
FILE PHOTO:… [+1505 chars]","reuters","Reuters"
"13","Ju-min Park","Trot is hot: It's not just K-pop in South Korea - Reuters UK","In a film theatre near Seoul, scores of middle-aged South Korean women in matching baby-blue T-shirts, hair bands and face masks inscribed with the word ""Hero"" are screaming, singing along and taking selfies.","https://uk.reuters.com/article/us-southkorea-kpop-elderly-trot-idUKKBN27T0ES","https://static.reuters.com/resources/r/?m=02&d=20201113&t=2&i=1541064551&r=LYNXMPEGAC08D&w=800","2020-11-13T04:09:00Z","SEOUL (Reuters) - In a film theatre near Seoul, scores of middle-aged South Korean women in matching baby-blue T-shirts, hair bands and face masks inscribed with the word Hero are screaming, singing … [+3741 chars]","reuters","Reuters"
"14","Sangmi Cha","South Korea's BTS snags first ever Grammy nomination for a K-Pop band - Reuters Canada","South Korean boy band BTS on Tuesday snagged the first ever Grammy nomination for a K-pop band, taking the worldwide sensation a step closer to winning the music award.","https://ca.reuters.com/article/us-awards-grammys-nominations-bts-idCAKBN28506I","https://static.reuters.com/resources/r/?m=02&d=20201125&t=2&i=1542361513&r=LYNXMPEGAO02P&w=800","2020-11-25T02:01:00Z","SEOUL (Reuters) - South Korean boy band BTS on Tuesday snagged the first ever Grammy nomination for a K-pop band, taking the worldwide sensation a step closer to winning the music award.
FILE PHOTO:… [+1505 chars]","reuters","Reuters"
"15","Reuters Staff","BTS 'Dynamite' costumes to light up U.S. music charity auction - Reuters India","The K-pop band members of BTS are offering up their outfits from the music video of their hit single ""Dynamite"" to the highest bidder in a Beverly Hills, California, charity auction in January.","https://www.reuters.com/article/us-auction-bts-idINKBN28A1ZH","https://static.reuters.com/resources/r/?m=02&d=20201130&t=2&i=1542922372&r=LYNXMPEGAT15U&w=800","2020-11-30T14:34:00Z","By Reuters Staff
LOS ANGELES (Reuters) - The K-pop band members of BTS are offering up their outfits from the music video of their hit single Dynamite to the highest bidder in a Beverly Hills, Calif… [+1647 chars]","reuters","Reuters"
"16","Reuters Editorial","TXT's new EP examines Gen-Z themes - Reuters.com","K-Pop sensation TOMORROW X TOGETHER hopes to resonate with its Gen-Z audience with third EP ""minisode 1: Blue Hour"" which examines the impact of the pandemic on young people.","https://www.reuters.com/video/watch/idOVD4EPVFR","https://static.reuters.com/resources/r/?d=20201113&i=OVD4EPVFR&r=OVD4EPVFR&t=2","2020-11-13T16:40:25Z","Posted 
K-Pop sensation TOMORROW X TOGETHER hopes to resonate with its Gen-Z audience with third EP ""minisode 1: Blue Hour"" which examines the impact of the pandemic on young people.","reuters","Reuters"
"17","Reuters Staff","K-pop's TXT sing of pandemic's toll on the young in 'We Lost the Summer' - Reuters","K-pop boy band TOMORROW X TOGETHER (TXT) describe their latest EP as a teen account of how the pandemic shattered their world, and they hope it resonates with young people everywhere.","https://www.reuters.com/article/us-music-txt-album-idUSKBN27S2D2","https://s1.reutersmedia.net/resources_v2/images/rcom-default.png?w=800","2020-11-12T15:42:00Z","By Reuters Staff
SEOUL (Reuters) - K-pop boy band TOMORROW X TOGETHER (TXT) describe their latest EP as a teen account of how the pandemic shattered their world, and they hope it resonates with youn… [+1500 chars]","reuters","Reuters"
"18","Reuters Staff","K-pop's TXT sing of pandemic's toll on the young in 'We Lost the Summer' - Reuters India","K-pop boy band TOMORROW X TOGETHER (TXT) describe their latest EP as a teen account of how the pandemic shattered their world, and they hope it resonates with young people everywhere.","https://in.reuters.com/article/music-txt-album-idINKBN27S2EY","https://static.reuters.com/resources/r/?m=02&d=20201112&t=2&i=1540995936&r=LYNXMPEGAB1GQ&w=800","2020-11-12T16:00:00Z","By Reuters Staff
SEOUL (Reuters) - K-pop boy band TOMORROW X TOGETHER (TXT) describe their latest EP as a teen account of how the pandemic shattered their world, and they hope it resonates with youn… [+1716 chars]","reuters","Reuters"
"19","Reuters Staff","BTS 'Dynamite' costumes to light up U.S. music charity auction - Reuters UK","The K-pop band members of BTS are offering up their outfits from the music video of their hit single ""Dynamite"" to the highest bidder in a Beverly Hills, California, charity auction in January.","https://uk.reuters.com/article/us-auction-bts-idUKKBN28A1ZH","https://static.reuters.com/resources/r/?m=02&d=20201130&t=2&i=1542944318&r=LYNXMPEGAT15U&w=800","2020-11-30T17:48:00Z","By Reuters Staff
LOS ANGELES (Reuters) - The K-pop band members of BTS are offering up their outfits from the music video of their hit single Dynamite to the highest bidder in a Beverly Hills, Calif… [+1647 chars]","reuters","Reuters"
"20","Shannon Connellan","BTS' festive 'one-shot' video for 'Life Goes On' is room after room of holiday knitwear","K-pop monarchs BTS dropped their comforting new anthem, ""Life Goes On,"" last week along with their latest album BE, which nods to a year of isolation, uncertainty, and loneliness for many during the pandemic.
Though they've already released a delightfully pyj…","https://mashable.com/video/bts-life-goes-on-james-corden-christmas/","https://mondrian.mashable.com/2020%252F11%252F24%252F1c%252F5078fc21d5004daebd98da3286c7ac95.eac98.png%252F1200x630.png?signature=vs_nalfY1y-c_alTHTVu23QFAxM=","2020-11-24T10:20:24Z","K-pop monarchs BTS dropped their comforting new anthem, ""Life Goes On,"" last week along with their latest album BE, which nods to a year of isolation, uncertainty, and loneliness for many during the … [+610 chars]","mashable","Mashable"
"21","Ben Sisario","Bad Bunny’s New Album Is Billboard’s First All-Spanish No. 1","The Puerto Rican pop star’s latest LP, “El Último Tour del Mundo,” debuted at the top of the Billboard 200 chart. Miley Cyrus is No. 2.","https://www.nytimes.com/2020/12/07/arts/music/bad-bunny-el-ultimo-tour-del-mundo-chart.html","https://static01.nyt.com/images/2020/12/07/arts/07billboard/07billboard-facebookJumbo.jpg","2020-12-07T17:38:08Z","Bad Bunny, the Puerto Rican singer, rapper and streaming megastar, has set an industry milestone with his latest album, El Último Tour del Mundo: It is the first LP entirely in Spanish to top the Bil… [+859 chars]",NA,"New York Times"
"22","Mariella Moon","YouTube's new audio ads were designed for music and podcast fans","YouTube has launched a new ad format that gives brands a way to use audio as the primary means to communicate their message. In the video-sharing platform’s announcement, it said the new format was designed to target audiences that use the website for “ambien…","https://www.engadget.com/youtube-audio-ads-062922128.html","https://o.aolcdn.com/images/dims?resize=1200%2C630&crop=1200%2C630%2C0%2C0&quality=95&image_uri=https%3A%2F%2Fs.yimg.com%2Fos%2Fcreatr-uploaded-images%2F2020-11%2F41574db0-295d-11eb-9fd9-e8a9efa25cf5&client=amp-blogside-v2&signature=db26d3407b6bde85e5a632cd97ac0459d90466e0","2020-11-18T06:29:22Z","YouTube has launched a new ad format that gives brands a way to use audio as the primary means to communicate their message. In the video-sharing platform’s announcement, it said the new format was d… [+795 chars]","engadget","Engadget"
"23","[{""@type"":""Person"",""name"":""hannahhannah"",""url"":""https://www.buzzfeed.com/han_38"",""jobTitle"":""Community Contributor""}]","These 10 K-Pop Performances Will Automatically Make You Excited For The Holidays","All I want for Christmas is more K-Pop!View Entire Post ›","https://www.buzzfeed.com/han_38/heres-10-k-pop-videos-you-can-watch-to-get-you-in-b97eil6nvb","https://img.buzzfeed.com/buzzfeed-static/static/2020-11/17/22/enhanced/b537877860a1/original-11984-1605653817-2.jpg?crop=1246:653;0,5%26downsize=1250:*","2020-11-14T22:08:46Z",NA,"buzzfeed","Buzzfeed"
"24","Junhyup Kwon, Alan Wong","New Law Lets K-Pop Stars Defer Military Service","A BTS star will no longer have to serve in the South Korean military by the end of 2021.","https://www.vice.com/en/article/jgq53k/new-law-lets-k-pop-stars-defer-military-service","https://video-images.vice.com//articles/5fc61627273d88009485a377/lede/1606818070635-0008vp6cq.jpeg?image-resize-opts=Y3JvcD0xeHc6MC44NDMzMjgzMzU4MzIwODR4aDtjZW50ZXIsY2VudGVyJnJlc2l6ZT0xMjAwOiomcmVzaXplPTEyMDA6Kg","2020-12-01T10:48:07Z","South Korean lawmakers have passed a bill to allow K-pop stars to postpone their mandatory military duties.
This means the K-pop superstars BTS the biggest boy band in the world will be allowed to d… [+2109 chars]","vice-news","Vice News"
"25","https://www.facebook.com/bbcnews","BTS: South Korea passes law allowing K-pop stars to postpone military service","Certain K-pop stars will now have the chance to delay mandatory service until the age of 30.","https://www.bbc.co.uk/news/world-asia-55147970","https://ichef.bbci.co.uk/news/1024/branded_news/0CB7/production/_115755230_hi063504893.jpg","2020-12-01T14:48:06Z","image copyrightGetty Images
South Korea's parliament has passed a bill allowing the biggest K-pop stars, such as BTS, to delay their compulsory military service until the age of 30.
All able-bodied… [+1525 chars]","bbc-news","BBC News"
"26","https://www.facebook.com/bbcnews","Blackpink: Why a K-pop girl band's panda cuddle has angered Chinese","Members of Blackpink are accused of mishandling the panda in a viral video, causing anger in China.","https://www.bbc.co.uk/news/world-asia-54902618","https://ichef.bbci.co.uk/news/1024/branded_news/E480/production/_115369485_gettyimages-1143861965-594x594.jpg","2020-11-11T14:20:07Z","image copyrightGetty Images
image captionMembers of Blackpink have been accused of putting the baby panda at risk of harm
A popular K-pop girl band has stirred controversy in China after its member… [+3513 chars]","bbc-news","BBC News"
"27","Sangmi Cha","K-Pop's BTS marks year of the pandemic with 'BE' album, and single 'Life Goes On' - Reuters Canada","South Korean megaband BTS released their latest album ""BE"" on Friday and will perform the new single ""Life Goes On"" remotely for the 2020 American Music Awards on Sunday, the group's music label said.","https://ca.reuters.com/article/us-music-bts-southkorea-idCAKBN2800JL","https://static.reuters.com/resources/r/?m=02&d=20201120&t=2&i=1541857458&r=LYNXMPEGAJ08P&w=800","2020-11-20T06:21:00Z","SEOUL (Reuters) - South Korean megaband BTS released their latest album BE on Friday and will perform the new single Life Goes On remotely for the 2020 American Music Awards on Sunday, the groups mus… [+1499 chars]","reuters","Reuters"
"28","Sangmi Cha","K-Pop's BTS marks year of the pandemic with 'BE' album, and single 'Life Goes On' - Reuters India","South Korean megaband BTS released their latest album ""BE"" on Friday and will perform the new single ""Life Goes On"" remotely for the 2020 American Music Awards on Sunday, the group's music label said.","https://in.reuters.com/article/music-bts-southkorea-idINKBN2800US","https://static.reuters.com/resources/r/?m=02&d=20201120&t=2&i=1541871052&r=LYNXMPEGAJ0EC&w=800","2020-11-20T09:05:00Z","SEOUL (Reuters) - South Korean megaband BTS released their latest album BE on Friday and will perform the new single Life Goes On remotely for the 2020 American Music Awards on Sunday, the groups mus… [+1499 chars]","reuters","Reuters"
"29",NA,"ENHYPEN reveals mess for album Border: Day One - Somag News","<ol><li>ENHYPEN reveals mess for album Border: Day One  Somag News
</li><li>ENHYPEN Surpasses 300000 Stock Pre-Orders For Upcoming Debut Album  TheNewsTrace
</li><li>View Full coverage on Google News</li></ol>","https://www.somagnews.com/enhypen-reveals-mess-for-album-border-day-one/","https://www.somagnews.com/wp-content/uploads/2020/11/ezgif-3-3d29decdcd97.jpg","2020-11-23T00:25:48Z","ENHYPEN, the new boy group from BigHit and Mnet, will be making their debut with Border: Day One and they revealed the first previews of the songs.
The reality show that sought out the next generati… [+2392 chars]",NA,"Somag News"
"30","Barbara Goldberg","Four finalists compete for Time's Person of the Year for 2020 - Reuters India","Time Magazine names its Person of the Year for 2020 on Thursday, choosing the winner from nominees that include healthcare workers battling the COVID-19 pandemic, the racial justice movement and two U.S. presidential election winners.","https://in.reuters.com/article/us-time-person-idINKBN28K33R","https://static.reuters.com/resources/r/?m=02&d=20201210&t=2&i=1544162910&r=LYNXMPEGB91PO&w=800","2020-12-10T22:24:38Z","NEW YORK (Reuters) - Time Magazine names its Person of the Year for 2020 on Thursday, choosing the winner from nominees that include healthcare workers battling the COVID-19 pandemic, the racial just… [+2779 chars]","reuters","Reuters"
"31","Raisa Bruner","A Comprehensive Look Back at BTS’ Seven-Year Journey to the Top","BTS speaks a language that millions of fans don’t understand, but the band’s music and message have transcended boundaries","https://time.com/5911481/bts-music-legacy/","https://api.time.com/wp-content/uploads/2020/11/bts-musical-legacy-1.jpg?quality=85&crop=0px%2C293px%2C2400px%2C1256px&resize=1200%2C628&strip","2020-11-17T21:51:30Z","Before heading to my first BTS concert, I was told to bring earplugs. It was 2018, and L.A.’s 20,000-person Staples Center was sold out—and certain to be a deafening scene. But as the seven members o… [+10644 chars]","time","Time"
"32","Jill Serjeant","Beyonce dominates surprise Grammy field, marked by snub for The Weeknd - Reuters India","Beyonce dominated nominations for the 2021 Grammy Awards on Tuesday in a field that mostly favored alternative artists over mainstream musicians, topped by a stunning snub for Canadian singer The Weeknd.","https://in.reuters.com/article/us-awards-grammys-nominations-idINKBN2842RY","https://static.reuters.com/resources/r/?m=02&d=20201124&t=2&i=1542319203&r=LYNXMPEGAN1EV&w=800","2020-11-24T20:44:00Z","LOS ANGELES (Reuters) - Beyonce dominated nominations for the 2021 Grammy Awards on Tuesday in a field that mostly favored alternative artists over mainstream musicians, topped by a stunning snub for… [+2830 chars]","reuters","Reuters"
"33","Noah Yoo","BTS Release New Album BE (Deluxe Edition): Listen","The follow-up to MAP OF THE SOUL : 7 features the K-pop group’s No. 1 single “Dynamite”","https://pitchfork.com/news/bts-release-new-album-be-deluxe-edition-listen/","https://media.pitchfork.com/photos/5fb6886609ecad2c0af1dc8f/16:9/w_1280,c_limit/BTS.jpg","2020-11-20T05:01:33Z","BTS have released their new album BE (Deluxe Edition). The eight-track album features their hit single Dynamite and marks the first full-length from the K-pop stars since MAP OF THE SOUL : 7 was rele… [+430 chars]",NA,"Pitchfork"
"34","msmash","YouTube Launches Audio Ads and Ad-Targetable Music Lineups, Taking Aim at Spotify","YouTube claims to be the world's biggest jukebox -- and now it wants to wring more ad dollars from the platform's music fans. From a report: The video giant is launching 15-second audio ads, the first format designed to reach YouTube users who listen to music…","https://news.slashdot.org/story/20/11/17/1934207/youtube-launches-audio-ads-and-ad-targetable-music-lineups-taking-aim-at-spotify","https://a.fsdn.com/sd/topics/youtube_64.png","2020-11-17T19:34:00Z","The video giant is launching 15-second audio ads, the first format designed to reach YouTube users who listen to music or podcasts ambiently (i.e., in the background). YouTube also is introducing the… [+1122 chars]",NA,"Slashdot.org"
"35","Hyonhee Shin","BTS to celebrate New Year with first show since coronavirus shut-down - Reuters India","South Korean boyband sensation BTS will welcome in the New Year with their first live concert since they were forced to call off a world tour because of the novel coronavirus, their management company, Bit Hit Entertainment, said on Thursday.","https://in.reuters.com/article/southkorea-kpop-bts-idINKBN27S14S","https://static.reuters.com/resources/r/?m=02&d=20201112&t=2&i=1540949371&r=LYNXMPEGAB0LU&w=800","2020-11-12T09:04:00Z","FILE PHOTO: Members of South Korean boy band BTS pose on the red carpet during the annual MAMA Awards at Nagoya Dome in Nagoya, Japan, December 4, 2019. REUTERS/Kim Kyung-Hoon
SEOUL (Reuters) - Sout… [+1392 chars]","reuters","Reuters"
"36","Hyonhee Shin","BTS to celebrate New Year with first show since coronavirus shut-down - Reuters","South Korean boyband sensation BTS will welcome in the New Year with their first live concert since they were forced to call off a world tour because of the novel coronavirus, their management company, Bit Hit Entertainment, said on Thursday.","https://www.reuters.com/article/us-southkorea-kpop-bts-idUSKBN27S13O","https://static.reuters.com/resources/r/?m=02&d=20201112&t=2&i=1540947914&r=LYNXMPEGAB0L5&w=800","2020-11-12T08:51:00Z","FILE PHOTO: BTS accept the win for Best Group at the MTV EMA's 2020, in Los Angeles, California, U.S. in this screengrab image released on November 8, 2020. Courtesy of MTV/via REUTERS.
SEOUL (Reute… [+1402 chars]","reuters","Reuters"
"37","Ben Beaumont-Thomas","Beyoncé tops 2021 Grammy nominations in strong field for women","All-female lineups in rock performance and country album categories for the first timeBeyoncé has topped the nominees for the 2021 Grammy awards, heading up a year that celebrated female artistry right across pop genres.She earned two nominations in the recor…","https://amp.theguardian.commusic/2020/nov/24/beyonce-tops-2021-grammy-nominations-in-strong-field-for-women","https://i.guim.co.uk/img/media/06ff1c6d7fe569ddff7f4d3d0b5f55fbce9f72a8/0_0_3468_2081/master/3468.jpg?width=1200&height=630&quality=85&auto=format&fit=crop&overlay-align=bottom%2Cleft&overlay-width=100p&overlay-base64=L2ltZy9zdGF0aWMvb3ZlcmxheXMvdGctZGVmYXVsdC5wbmc&enable=upscale&s=96e3a03b47baeae2866679da2e82e88a","2020-11-24T18:38:20Z","Beyoncé has topped the nominees for the 2021 Grammy awards, heading up a year that celebrated female artistry right across pop genres.
She earned two nominations in the record of the year category, … [+3745 chars]",NA,"Theguardian.commusic"
"38","Reuters Staff","Chadwick Boseman, Trump and pop group BTS dominate Twitter in 2020 - Reuters","The announcement of the death of ""Black Panther"" star Chadwick Boseman was the most shared on Twitter worldwide in 2020, and got the most ""likes"" of any Tweet ever, the social media platform said on Monday.","https://www.reuters.com/article/people-twitter-int-idUSKBN28H318","https://static.reuters.com/resources/r/?m=02&d=20201207&t=2&i=1543750804&r=LYNXMPEGB61OV&w=800","2020-12-07T23:59:00Z","By Reuters Staff
LOS ANGELES (Reuters) - The announcement of the death of Black Panther star Chadwick Boseman was the most shared on Twitter worldwide in 2020, and got the most likes of any Tweet ev… [+1318 chars]","reuters","Reuters"
"39","Morgan Sung","Twitter's year in review is less bleak than you'd think","Maybe 2020 wasn’t such a bad year after all.
While YouTube skipped its infamous Rewind this year, claiming it was out of sensitivity for the tumultuous events of 2020, Twitter hasn't seen the same backlash — and summed up 2020 with the tag #ThisHappened.
In a…","https://mashable.com/article/twitter-year-in-review-2020-most-liked-tweets/","https://mondrian.mashable.com/2020%252F12%252F07%252F96%252F19a461c703b9467abd63966d8518ee8e.ca7c5.png%252F1200x630.png?signature=M0JAVdi7UTRhwTlGiw7J83utJUI=","2020-12-07T23:45:29Z","Maybe 2020 wasnt such a bad year after all.
While YouTube skipped its infamous Rewind this year, claiming it was out of sensitivity for the tumultuous events of 2020, Twitter hasn't seen the same ba… [+2761 chars]","mashable","Mashable"
"40","Alice O'Connor","League Of Legends devs deny Seraphine is based on a real person","The latest wizard in League Of Legends is Seraphine, a pink-haired pop star who has also sang with League’s out-of-fiction virtual girl group, K/DA. Yesterday, a woman named Stephanie alleged that the character is based on her, and she’s not happy about it. S…","https://www.rockpapershotgun.com/2020/11/13/league-of-legends-devs-deny-seraphine-is-based-on-a-real-person/","https://assets.rockpapershotgun.com/images/2020/11/league-of-legends-seraphine.jpg/RPSS/thumbnail/1920x1080/format/jpg/quality/75","2020-11-13T15:37:40Z","The latest wizard in League Of Legends is Seraphine, a pink-haired pop star who has also sang with League’s out-of-fiction virtual girl group, K/DA. Yesterday, a woman named Stephanie alleged that th… [+4795 chars]",NA,"Rock Paper Shotgun"
"41","Amanda Kooser","Stunning solar telescope image shows sunspot you could fit Earth into - CNET","The most advanced solar telescope on the planet isn't even finished yet and it's already blowing minds.","https://www.cnet.com/news/stunning-solar-telescope-image-shows-sunspot-so-big-you-could-fit-earth-into-it/","https://cnet3.cbsistatic.com/img/Pxej67DgSLXt9RKWlsT9ezLzbRY=/1200x630/2020/12/07/14e39f6a-5f0a-40a9-aa99-4bac4f6b77b5/sunspotinouye.jpg","2020-12-08T17:57:00Z","The first sunspot image from the Inouye Solar Telescope gives a preview of the science to come.
NSO/AURA/NSF
It's easy to take the sun for granted here on Earth. It shows up every day, does its job… [+1440 chars]",NA,"CNET"
"42","Mikhaila Friel","K-pop fans are protesting a pro-Trump rally by flooding the #MillionMAGAMarch hashtag with pictures of pancakes","Shea Depmore urged her Twitter followers to post pictures of pancakes instead of counter-protesting in person at the Million MAGA March.","https://news.yahoo.com/k-pop-fans-protesting-pro-104129068.html","https://s.yimg.com/uu/api/res/1.2/GCqVxBaz8ePsByaVY932vQ--~B/aD0xNTAwO3c9MjAwMDtzbT0xO2FwcGlkPXl0YWNoeW9u/https://media.zenfs.com/en/insider_articles_922/d6929b509a9fefe2f49ba37db253aeca","2020-11-14T10:41:29Z","Shea Depmore urged K-pop fans to protest the Trump rally with pictures of pancakes. Shea Depmore/Twitter, Universal Images Group/Getty Images
<ul><li>K-pop fans are drowning out the #MillionMAGAMarc… [+3520 chars]",NA,"Yahoo Entertainment"
"43","Claire Shaffer","BTS Close Down 2020 AMAs With ‘Life Goes On,’ ‘Dynamite’","K-pop group released their latest album BE on Friday","https://www.rollingstone.com/music/music-news/bts-life-goes-on-american-music-awards-1092622/","https://www.rollingstone.com/wp-content/uploads/2020/11/bts-amas.jpg","2020-11-23T04:07:04Z","BTS brought comfort to a hectic year with their performance of “Life Goes On” at the 2020 American Music Awards.
This was the first time the group performed their BE lead single life, and they broug… [+1400 chars]",NA,"Rolling Stone"
"44","Amy X. Wang","K-Pop Is Only Half the Story of Korean Pop Music","Groups like BTS and Blackpink are not the entirely of Korean music — but their global influence is reshaping Korean culture itself. What's gained and lost from this cultural feedback loop?","https://www.rollingstone.com/music/music-features/kpop-korea-culture-trot-indie-genres-1100124/","https://www.rollingstone.com/wp-content/uploads/2020/12/k-pop-whole-story.jpg","2020-12-09T14:51:31Z","Back in 2009, eager to share my love of K-pop with pretty much anyone who would listen, I showed a grad school classmate the music video for “Lollipop” by BIGBANG and 2NE1. He laughed and told me the… [+10230 chars]",NA,"Rolling Stone"
"45","Jon Dolan","BTS Offer a Message of Healing and Hope on ‘Be’","The K-pop superstars confront hard times as their music enters a new creative phase.","https://www.rollingstone.com/music/music-album-reviews/bts-be-1093413/","https://www.rollingstone.com/wp-content/uploads/2020/11/BTS-Be-review.jpg","2020-11-24T22:10:05Z","After BTS scored a long-awaited Number One single in the US with the glittery disco-pop cut “Dynamite,” you might expect the Korean group to keep the party going and double down on their chart-toppin… [+3646 chars]",NA,"Rolling Stone"
"46","Claire Shaffer","Watch BTS Perform ‘Life Goes On’ on ‘The Late Late Show With James Corden’","K-pop group captures the feeling of staying inside during the Covid-19 pandemic","https://www.rollingstone.com/music/music-news/bts-life-goes-on-late-late-show-james-corden-1094884/","https://www.rollingstone.com/wp-content/uploads/2020/11/BTS-late-late-show.jpg","2020-11-24T19:19:17Z","Following their American Music Awards performance, BTS returned to late night to showcase their latest single “Life Goes On” during The Late Late Show With James Corden.
Using some nifty special eff… [+1045 chars]",NA,"Rolling Stone"
"47",NA,"Change of tune: Japan music fans moving from CDs to streaming services - Reuters India","Change of tune: Japan music fans moving from CDs to streaming services  Reuters India","https://in.reuters.com/article/japan-music-idINKBN27Q0GV",NA,"2020-11-10T04:55:00Z","A general view shows Tower Records, a Japanese retail music franchise and music store, at Shibuya district in Tokyo, Japan November 9, 2020. REUTERS/Ritsuko Ando
Entertainment News
Ritsuko Ando
TO… [+4204 chars]","reuters","Reuters"
"48","Ritsuko Ando","Change of tune: Japan music fans moving from CDs to streaming services - Reuters Canada","Japanese music enthusiasts, loyal to CDs long after the rest of the world went online, have begun reaching for the eject button and switching to streaming services as artists cancel in-store events and fans stay home because of the pandemic.","https://ca.reuters.com/article/us-japan-music-idCAKBN27Q0GB","https://static.reuters.com/resources/r/?m=02&d=20201110&t=2&i=1540644424&r=LYNXMPEGA90A7&w=800","2020-11-10T04:38:00Z","By Ritsuko Ando
TOKYO (Reuters) - Japanese music enthusiasts, loyal to CDs long after the rest of the world went online, have begun reaching for the eject button and switching to streaming services … [+4036 chars]","reuters","Reuters"
"49","Maura Brannigan","What's in Blackpink's Almighty Secret Style Sauce?","Taylor Glasby fell into K-pop much like Alice climbed into the rabbit hole. Drowsy on the riverbank, the protagonist grew transfixed by a kind of extrasensory delight, and in spades. Glasby, meanwhile, came into the musical genre in the midst of an already-ac…","https://fashionista.com/2020/11/blackpink-k-pop-fashion-style","https://fashionista.com/.image/t_share/MTc2OTM1MjU0MjE5NTY0ODM1/blackpink-k-pop-fashion-style.jpg","2020-11-23T13:00:00Z","Taylor Glasby fell into K-pop much like Alice climbed into the rabbit hole. Drowsy on the riverbank, the protagonist grew transfixed by a kind of extrasensory delight, and in spades. Glasby, meanwhil… [+11002 chars]",NA,"Fashionista"
"50","Samantha Hissong","Blackpink Announces Its First-Ever Livestream Concert","Tickets to the K-pop group's online show, set to air exclusively on YouTube on December 27th, are available today","https://www.rollingstone.com/pro/news/blackpink-youtube-livestream-concert-2020-1097721/","https://www.rollingstone.com/wp-content/uploads/2020/12/BLACKPINK-Press-Photo.jpg","2020-12-03T02:00:53Z","Will Blackpink break the Internet? The members of the globally celebrated K-pop group announced on Wednesday that their first-ever livestream concert, titled The Show, will take place two days after … [+2196 chars]",NA,"Rolling Stone"
"51","USA TODAY, David Oliver, USA TODAY","Grammy nominations show Recording Academy has made progress on diversity goals – but not enough","This year's Grammy nominations – like awards shows before it – show the Recording Academy still has inroads to make with diversity.","https://www.usatoday.com/story/entertainment/music/2020/11/24/grammys-2021-black-artists-nominated-major-categories-k-pop-misses/6395375002/","https://www.gannett-cdn.com/presto/2020/06/29/USAT/a55681e0-08fd-4b8b-a822-cc8a8aca384a-VPC_BEYONCE_BLACK_IS_KING_THUMB.jpg?crop=1911,1075,x9,y0&width=1600&height=800&fit=bounds","2020-11-24T18:30:20Z","The Weeknd, Harry Styles, Lady Gaga and BTS all missed out on top categories. The Grammy Awards are January 31, 2021, on CBS.
USA TODAY
Grammy nominations arrived Tuesday, and in a year when divers… [+7282 chars]","usa-today","USA Today"
"52","carly.tennes","Korea Bends Famously Strict Military Service Law For K-Pop Stars","The BTS Army may stay metaphorical for a bit longer.","https://www.cracked.com/article_29156_korea-bends-famously-strict-military-service-law-k-pop-stars.html","https://s3.crackedcdn.com/phpimages/article/2/8/5/759285.jpg?v=1","2020-12-07T08:00:00Z","Are you a K-Pop idol in what may arguably be the peak of your career? Do you, like all other able-bodied male Korean citizens between the ages of 18 and 28 have to complete your government-mandated 1… [+1637 chars]",NA,"Cracked.com"
"53","https://www.facebook.com/bbcnews","China gives musical talent show a virtual makeover","Dimension Nova shakes up reality TV with computer-animated contestants performing to real judges.","https://www.bbc.co.uk/news/entertainment-arts-54967096","https://ichef.bbci.co.uk/news/1024/branded_news/9A13/production/_115534493_dimensionnova'scontestantscomeinraprockpopchinesefolkdjsinger-songwriterandr'n'bflavoursamongothers..jpg","2020-11-22T00:49:18Z","By Lu-Hai LiangBBC News
image captionContestants on Dimension Nova are either 2D or 3D and are judged on their personality, style and back story, as well as their performance
At first glance, there… [+7364 chars]","bbc-news","BBC News"
"54",NA,"K/DA - ""I'LL SHOW YOU"" MUSIC VIDEO","Jeff Han's latest work for @RiotGames is an extraordinary Music Video for K-Pop super group K/DA @kda_music, a virtual girl group consisting of four League of Legends characters: Ahri, Akali, Evelynn and Kai'Sa. The song, 'I'll Show You' takes us on a journey…","https://www.behance.net/gallery/108857595/KDA-ILL-SHOW-YOU-MUSIC-VIDEO?utm_source=feedburner&utm_medium=feed&utm_campaign=Feed%3A+behance%2Fvorr+%28Behance+Network+Featured+Projects%29",NA,"2020-12-04T20:30:18Z",NA,NA,"Behance.net"
"55","Claire Shaffer","The 50 Best Songs of 2020","Highlights from a hard year — featuring a disco revival, K-pop kings and queens, new hip-hop rockstars, and some country wisdom","https://www.rollingstone.com/music/music-lists/best-songs-2020-1097442/","https://www.rollingstone.com/wp-content/uploads/2020/12/Songs.jpg","2020-12-07T13:00:00Z","2020 saw rising artists fully come into their own, most notably Megan Thee Stallion, who tops our Best Songs list alongside Cardi B for the world-owning raunch of “WAP” and then appears again alongsi… [+431 chars]",NA,"Rolling Stone"
"56","AnnMarie Mattila","You Can Score a Keurig for Only $35 at Walmart (Yes, You Read That Right!)","Walmart has been rolling out major Black Friday deals all month, and we are loving it. The sales continue to get better and better practically every day, but you’ve gotta snag them while you can. So far we’ve seen major discounts on Instant Pots, vacuums, and…","https://www.thekitchn.com/keurig-early-black-friday-deal-walmart-2020-23106177","https://cdn.apartmenttherapy.info/image/upload/f_auto,q_auto:eco,c_fill,g_auto,w_1500/stock%2FGettyImages-1185838699","2020-11-14T13:01:06Z","We independently select these products—if you buy from one of our links, we may earn a commission.
Walmart has been rolling out major Black Friday deals all month, and we are loving it. The sales co… [+1588 chars]",NA,"Thekitchn.com"
"57","msmash","Intel Shuts Down Its AR/VR Volumetric Capture Stage","Intel has pulled the plug on one of its most ambitious AR/VR projects to date: The company quietly shut down Intel Studios, a 10,000-square-foot volumetric capture stage in Los Angeles, last month. The facility had been heralded as the world's largest capture…","https://slashdot.org/story/20/11/24/1411255/intel-shuts-down-its-arvr-volumetric-capture-stage","https://a.fsdn.com/sd/topics/intel_64.png","2020-11-24T14:11:00Z","The Fine Print: The following comments are owned by whoever posted them. We are not responsible for them in any way.",NA,"Slashdot.org"
"58","Patricia Hernandez","Fortnite fans are making Kratos dance, and it’s amazing","Kratos might seem like an odd choice for a game as lighthearted as Fortnite, but now that fans of the battle royale game are enjoying season 5, it’s become clear that this crossover is comedy gold. Players are forcing the God of War character to dance to ever…","https://www.polygon.com/fortnite/2020/12/4/22153779/fortnite-god-of-war-kratos-emote-dance-epic-games-sony-sequel-ps5","https://cdn.vox-cdn.com/thumbor/-uolDgbQnVFwtdEygncWXuh5fzQ=/0x0:1920x1005/fit-in/1200x630/cdn.vox-cdn.com/uploads/chorus_asset/file/22145669/kratos_fortnite_art_1920.jpg","2020-12-04T19:18:54Z","Even after being rebooted, God of Wars tone as a series has leaned toward the stark, serious, and broody the polar opposite, in other words, of Fortnites happy-go-lucky vibe. There was never any doub… [+1721 chars]","polygon","Polygon"
"59","Al Jazeera","S Korea passes law allowing BTS group to defer military service","Amendment to military service law provides exceptions for K-pop artistes who improve country's profile and economy.","https://www.aljazeera.com/news/2020/12/2/south-korea-passes-law-allowing-bts-artists-to-postpone-service","https://www.aljazeera.com/wp-content/uploads/2020/12/2020-12-01T101051Z_305598014_RC2AEK9ZFLE9_RTRMADP_3_SOUTHKOREA-KPOP-1.jpg?resize=1200%2C630","2020-12-02T02:23:08Z","South Koreas parliament has passed a bill allowing chart-topping and Grammy-nominated K-pop artistes such as BTS to postpone their mandatory military service until the age of 30.
All able-bodied Sou… [+2267 chars]","al-jazeera-english","Al Jazeera English"
"60","Boing Boing's Shop","Skip the coffee shop and get fresh-brewed coffee right from this travel mug-sized brewer","We knew it had to happen, right? From old school brewers, to Keurigs, to Starbucks, and beyond, the art of brewing coffee has been put into overdrive in recent years. But, until now, we'd never really reached this point before–a coffee mug that actually brews…","https://boingboing.net/2020/11/10/skip-the-coffee-shop-and-get-fresh-brewed-coffee-right-from-this-travel-mug-sized-brewer.html","https://i0.wp.com/boingboing.net/wp-content/uploads/2020/11/product_108795_product_shots4.jpg?fit=630%2C473&ssl=1","2020-11-10T17:55:13Z","We knew it had to happen, right? From old school brewers, to Keurigs, to Starbucks, and beyond, the art of brewing coffee has been put into overdrive in recent years. But, until now, we'd never reall… [+1870 chars]",NA,"Boing Boing"
"61","Sangmi Cha, Hyun Young Yi","Women handling the dead: More female morticians in South Korea as taboo fades - Reuters Canada","A growing number of South Korean women are training to be morticians, a field from which they had long been excluded, amid changing views on gender roles and a rising preference for women's bodies to be handled by women.","https://ca.reuters.com/article/us-southkorea-jobs-women-idCAKBN27Y032","https://static.reuters.com/resources/r/?m=02&d=20201118&t=2&i=1541571232&r=LYNXMPEGAH02J&w=800","2020-11-18T02:03:00Z","By Sangmi Cha, Hyun Young Yi
SEOUL (Reuters) - A growing number of South Korean women are training to be morticians, a field from which they had long been excluded, amid changing views on gender rol… [+3122 chars]","reuters","Reuters"
"62","Sangmi Cha, Hyun Young Yi","Women handling the dead: More female morticians in South Korea as taboo fades - Reuters.com","A growing number of South Korean women are training to be morticians, a field from which they had long been excluded, amid changing views on gender roles and a rising preference for women's bodies to be handled by women.","https://www.reuters.com/article/southkorea-jobs-women-idUSKBN27Y05O","https://static.reuters.com/resources/r/?m=02&d=20201118&t=2&i=1541571452&r=LYNXMPEGAH02Z&w=800","2020-11-18T02:03:00Z","SEOUL (Reuters) - A growing number of South Korean women are training to be morticians, a field from which they had long been excluded, amid changing views on gender roles and a rising preference for… [+3088 chars]","reuters","Reuters"
"63","Sangmi Cha, Hyun Young Yi","Women handling the dead: More female morticians in South Korea as taboo fades - Reuters UK","A growing number of South Korean women are training to be morticians, a field from which they had long been excluded, amid changing views on gender roles and a rising preference for women's bodies to be handled by women.","https://uk.reuters.com/article/uk-southkorea-jobs-women-idUKKBN27Y02Y","https://s1.reutersmedia.net/resources_v2/images/rcom-default.png?w=800","2020-11-18T01:05:00Z","SEOUL (Reuters) - A growing number of South Korean women are training to be morticians, a field from which they had long been excluded, amid changing views on gender roles and a rising preference for… [+2889 chars]","reuters","Reuters"
"64","Patrick Frater","Korean Animation Is Ready For a Leap to the Global Stage","South Korean animation, or “K-animation,” has been positioned to be the next chapter of “K-wave” following the global success of Korean film, K-pop and K-dramas, says one of the agencies that pledge to put the content on the world stage. The success of animat…","https://variety.com/2020/film/asia/korean-animation-leap-to-the-global-stage-1234845230/","https://variety.com/wp-content/uploads/2020/12/Beauty-Water-j-res.jpg?w=1000","2020-12-03T13:01:56Z","South Korean animation, or “K-animation,” has been positioned to be the next chapter of “K-wave” following the global success of Korean film, K-pop and K-dramas, says one of the agencies that pledge … [+1891 chars]",NA,"Variety"
"65","Jon Blistein","South Korea Passes ‘BTS Law’ Allowing K-Pop Stars to Postpone Military Service","New exemption comes days before the group's oldest member, Kim Seok-jin, turns 28, the age able-bodied South Korean men must enlist","https://www.rollingstone.com/music/music-news/south-korea-bts-law-mandatory-military-service-1096796/","https://www.rollingstone.com/wp-content/uploads/2020/12/BTS-law-south-korea.jpg","2020-12-01T14:35:30Z","South Korea’s National Assembly passed a revision of its Military Service Act to let some male K-pop stars postpone their mandatory military service until they turn 30, The New York Times reports.
U… [+1432 chars]",NA,"Rolling Stone"
"66","MESFIN FEKADU / AP","Beyoncé Leads the 2021 Grammy Nominations With 9","Beyoncé’s anthem about Black pride scored multiple nominations Tuesday, making her the leading contender with nine.","https://time.com/5915289/grammys-nominations-2021-beyonce/","https://api.time.com/wp-content/uploads/2020/11/AP20329073296145.jpg?quality=85&w=1200&h=628&crop=1","2020-11-24T18:35:39Z","NEW YORK — Beyoncé is bringing her black parade to the Grammys: The pop star’s anthem about Black pride scored multiple nominations Tuesday, making her the leading contender with nine.
Beyoncé picke… [+8159 chars]","time","Time"
"67","https://www.facebook.com/bbcnews","Million MAGA March: Protesters gather for pro-Trump rallies","Far-right groups such as the Proud Boys say they will attend the Washington DC rallies.","https://www.bbc.co.uk/news/world-us-canada-54945154","https://ichef.bbci.co.uk/news/1024/branded_news/B8E2/production/_115503374_motorcade.jpg","2020-11-14T15:55:39Z","image copyrightGetty Images
image captionGathering demonstrators cheered as a motorcade carrying President Trump passed as it left the White House on Saturday
Supporters of President Donald Trump a… [+5079 chars]","bbc-news","BBC News"
"68","Arol Wright","Save $70 on the new, BTS-themed Samsung Galaxy Buds+ in this new Black Friday deal","Black Friday deals are lighting up like dynamite (sorry for the bad joke but I had to). We’ve seen deals on everything from home appliances, to smartphones, to TVs, to PC gaming equipment, and everything in between, and yes, we’ve also seen amazing deals on w…","https://www.xda-developers.com/galaxy-buds-bts-black-friday-deal/","https://www.xda-developers.com/files/2020/06/Samsung-Galaxy-Buds-Mirror-Purple-BTS-Edition_1.jpg","2020-11-29T00:00:25Z","Black Friday deals are lighting up like dynamite (sorry for the bad joke but I had to). We’ve seen deals on everything from home appliances, to smartphones, to TVs, to PC gaming equipment, and everyt… [+1935 chars]",NA,"XDA Developers"
"69","John Levite","19 Black Friday deals that may not last until Cyber Monday","Black Friday and Cyber Monday might be two distinct days, but the sales events tend to blend together over the weekend. We're smack dab in the middle of Deals Purgatory right now. Too late for Black Friday. Too early for Cyber Monday. The deals from Black Fri…","https://www.androidcentral.com/xx-black-friday-deals-may-not-last-until-cyber-monday","https://www.androidcentral.com/sites/androidcentral.com/files/styles/large/public/article_images/2019/11/cyber-monday-hero.jpg","2020-11-28T16:11:26Z","Black Friday and Cyber Monday might be two distinct days, but the sales events tend to blend together over the weekend. We're smack dab in the middle of Deals Purgatory right now. Too late for Black … [+6230 chars]",NA,"Android Central"
"70","John Levite","19 Black Friday deals that may not last until Cyber Monday","Black Friday and Cyber Monday might be two distinct days, but the sales events tend to blend together over the weekend. We're smack dab in the middle of Deals Purgatory right now. Too late for Black Friday. Too early for Cyber Monday. The deals from Black Fri…","https://www.androidcentral.com/black-friday-deals-may-not-last-until-cyber-monday","https://www.androidcentral.com/sites/androidcentral.com/files/styles/large/public/article_images/2019/11/cyber-monday-hero.jpg","2020-11-28T16:11:26Z","Black Friday and Cyber Monday might be two distinct days, but the sales events tend to blend together over the weekend. We're smack dab in the middle of Deals Purgatory right now. Too late for Black … [+6230 chars]",NA,"Android Central"
"71","Patrick Frater","BTS, K-Pop Allowed to Extend Delay to Korean Military Service","South Korean lawmakers on Tuesday completed passage of an amendment to existing legislation and will allow some K-pop stars exemption from military service until they are 30. The significance was not lost on fans of BTS, currently one of the biggest music act…","https://variety.com/2020/music/asia/bts-k-pop-allowed-to-extend-delay-to-korean-military-service-1234843976/","https://variety.com/wp-content/uploads/2020/11/bts-variety-cover-shoot-full-band-3.jpg?w=1000","2020-12-02T09:55:27Z","South Korean lawmakers on Tuesday completed passage of an amendment to existing legislation and will allow some K-pop stars exemption from military service until they are 30. The significance was not… [+1817 chars]",NA,"Variety"
"72","Noah Yoo","Watch BTS Perform “Life Goes On” and “Dynamite” at AMAs 2020","The septet broadcast their performance of the two singles from South Korea","https://pitchfork.com/news/watch-bts-perform-life-goes-on-and-dynamite-at-amas-2020/","https://media.pitchfork.com/photos/5fbb33c7ac8274a76125c83f/16:9/w_1280,c_limit/BTS.jpg","2020-11-23T04:08:45Z","BTS brought their new singles Life Goes On and Dynamite to the American Music Awards 2020 broadcast tonight (November 22). The Korean septet previously performed the song for the MTV Video Music Awar… [+432 chars]",NA,"Pitchfork"
"73","Yasmine Leung","Why are NCT fans angry with the new MV? NCTzens show support for WinWin on Twitter - HITC - Football, Gaming, Movies, TV, Music","Why are NCT fans angry with the new MV? NCTzens show support for WinWin on Twitter  HITC - Football, Gaming, Movies, TV, MusicView Full coverage on Google News","https://www.hitc.com/en-gb/2020/11/23/why-are-nct-fans-angry-with-the-new-mv-nctzens-show-support-for-winwin-on-twitter/","https://www.hitc.com/static/uploads/2020/11/Screenshot-2020-11-23-143326.png","2020-11-23T15:30:00Z","NCT are back with the second part of their second studio album, NCT 2020 Resonance Pt. 2. The group have released 90s Love as its leading single. However, fans are not all impressed with the accompan… [+2683 chars]",NA,"HITC - Football, Gaming, Movies, TV, Music"
"74","Greg Evans","Time Magazine Names BTS As Entertainer Of The Year, With LeBron James Top Athlete","Time magazine will announce its 2020 Person of the Year tonight in a first-ever broadcast special, but editors named their picks for Entertainer and Athlete of the Year on Twitter today: South Korean K-pop boy band BTS and Los Angeles Lakers star LeBron James…","https://deadline.com/2020/12/time-magazine-bts-lebron-james-entertainer-athlete-person-of-the-year-1234654182/","https://deadline.com/wp-content/uploads/2020/12/BTS-LeBron.jpg?w=1000","2020-12-10T22:31:22Z","Time magazine will announce its 2020 Person of the Year tonight in a first-ever broadcast special, but editors named their picks for Entertainer and Athlete of the Year on Twitter today: South Korean… [+3317 chars]",NA,"Deadline"
"75","Hazel Cills","Why Music Stan Account @PopCrave Called the Election Before Every Major Outlet","As the stress of Election Day rolled over into an election week, most news outlets held off from calling Joe Biden as the President-elect, considering the uncertain fate of many swing states still counting ballots. Except, that is, for the Twitter account @Po…","https://jezebel.com/why-music-stan-account-popcrave-called-the-election-be-1845625220","https://i.kinja-img.com/gawker-media/image/upload/c_fill,f_auto,fl_progressive,g_center,h_675,pg_1,q_80,w_1200/sskv2xopilfcevctwuie.png","2020-11-10T14:04:00Z","As the stress of Election Day rolled over into an election week, most news outlets held off from calling Joe Biden as the President-elect, considering the uncertain fate of many swing states still co… [+1555 chars]",NA,"Jezebel"
"76","James Hookway","SKorea Changes Law to Allow K-Pop Stars to Defer Military Service...","Seoul relaxed terms of military draft as group’s global popularity surges, but debates over conscription continue elsewhere in Asia","https://www.wsj.com/articles/k-pops-bts-superstars-can-defer-military-service-for-two-years-11606849065","https://images.wsj.net/im-266670/social","2020-12-01T21:52:38Z","Fans of K-pop sensations BTS were relieved to learn that one of the seven-member band wouldnt have to quit to join South Koreas military for his mandatory service for another two years.
The countrys… [+263 chars]","the-wall-street-journal","The Wall Street Journal"
"77","Yan Zhuang","Blackpink Panda Cuddle Riles Up Chinese Internet Users","The K-pop band was accused of putting the cub at risk after the group posted video of its antics at a South Korean zoo.","https://www.nytimes.com/2020/11/12/world/asia/blackpink-panda-controversy.html","https://static01.nyt.com/images/2020/11/12/world/12blackpink-panda-3/12blackpink-panda-3-facebookJumbo.jpg","2020-11-12T09:16:35Z","Last month, Blackpink Jisoo, Jennie, Rosé and Lisa (real names Ji-soo Kim, Jennie Kim, Roseanne Park and Lalisa Manoban) swiftly re-edited a music video after one member was shown wearing a nurses co… [+1381 chars]",NA,"New York Times"
"78","Maria Sherman on Culture, shared by Maria Sherman to Jezebel","Boy Band Fans Have Already Won the 2021 Grammy Awards","On Tuesday, The Recording Academy announced the nominees for the 63rd annual Grammy Awards and they were unlike any other. Mickey Guyton became the first solo black woman to receive a nom in a country music category. No men were nominated in the Best Rock Per…","https://themuse.jezebel.com/boy-band-fans-have-already-won-the-2021-grammy-awards-1845754988","https://i.kinja-img.com/gawker-media/image/upload/c_fill,f_auto,fl_progressive,g_center,h_675,pg_1,q_80,w_1200/mzu5hganrfgboh8stzqh.png","2020-11-25T16:00:00Z","On Tuesday, The Recording Academy announced the nominees for the 63rd annual Grammy Awards and they were unlike any other. Mickey Guyton became the first solo black woman to receive a nom in a countr… [+3076 chars]",NA,"Jezebel"
"79","info@hypebeast.com (HYPEBEAST), HYPEBEAST","Nominees for the 2021 Grammy Awards Have Been Announced","The nominee class for the 63rd annual Grammy Awards has officially been revealed. While the entire roster is replete with a wide array of talent, Beyoncé stands atop the pack with an astounding nine nominations.Queen Bey's ""Black Parade"" and ""Savage Remix"" wi…","https://hypebeast.com/2020/11/grammy-awards-2021-nominees","https://image-cdn.hypb.st/https%3A%2F%2Fhypebeast.com%2Fimage%2F2020%2F11%2Fgrammy-awards-2021-nominees-0.jpg?w=960&cbr=1&q=90&fit=max","2020-11-24T21:03:41Z","The nominee class for the 63rd annual Grammy Awards has officially been revealed. While the entire roster is replete with a wide array of talent, Beyoncé stands atop the pack with an astounding nine … [+1235 chars]",NA,"HYPEBEAST"
"80","Zackery Cuevas","Review: Just Dance 2021 is more of the same, for better or worse","Just Dance is just that. A game where you just dance.

In a crowded holiday marketplace full of new games and new systems, sometimes you can feel overwhelmed by the options. When that happens, we tend to flock towards games we know and trust. When I see a Sup…","https://www.androidcentral.com/just-dance-stadia-review","https://www.androidcentral.com/sites/androidcentral.com/files/styles/large/public/article_images/2020/12/just-dance-2021-lady-gaga.jpg","2020-12-04T13:30:02Z","Source: Ubisoft
In a crowded holiday marketplace full of new games and new systems, sometimes you can feel overwhelmed by the options. When that happens, we tend to flock towards games we know and t… [+7394 chars]",NA,"Android Central"
"81","Louis Almond","Where to Buy the Nike x Peaceminusone Air Force 1 “Para-noise” Early","Christmas is coming early for a lot of Nike sneaker fans. This week in fact, with the arrival of a follow up to the Swoosh’s 2019 collaboration with South Korean K-Pop artist and icon, G-Dragon. Making use of the classic AF1 once again, the Nike x Peaceminuso…","https://www.highsnobiety.com/p/nike-peaceminusone-air-force-1-buy/","https://static.highsnobiety.com/thumbor/GLOa7XKggU9P9mZ6jM5uVTKm-k0=/1200x720/static.highsnobiety.com/wp-content/uploads/2020/11/23171534/nike-air-force-1-peaceminusone-feat1.jpg","2020-11-24T14:37:47Z","Christmas is coming early for a lot of Nike sneaker fans. This week in fact, with the arrival of a follow up to the Swoosh's 2019 collaboration with South Korean K-Pop artist and icon, G-Dragon. Maki… [+1502 chars]",NA,"Highsnobiety"
"82","Patrick Frater","BTS Launching New Album ‘BE’","K-pop superstars BTS will launch a new album “BE” later on Friday. The announcement was made at an online press conference that was live-streamed via YouTube and the Big Hit Labels channel. The live stream kicked off with a cutesy video of the band members fi…","https://variety.com/2020/music/asia/bts-new-album-be-deluxe-edition-2-1234836386/","https://variety.com/wp-content/uploads/2020/11/bts-variety-cover-shoot-full-band-3.jpg?w=1000","2020-11-20T02:17:58Z","K-pop superstars BTS will launch a new album “BE” later on Friday.
The announcement was made at an online press conference that was live-streamed via YouTube and the Big Hit Labels channel. The live… [+2024 chars]",NA,"Variety"
"83","Patrick Frater","Netflix Adds Seven Movies and Series From South Korea","Global streaming giant Netflix has acquired three high profile feature films and added four new series from South Korea. The country is currently riding a cultural high with movies, TV dramas and K-pop music all finding wider international audiences. Netflix …","https://variety.com/2020/streaming/asia/netflix-adds-seven-movies-and-series-fromkorea-1234839030/","https://variety.com/wp-content/uploads/2020/11/SpaceSweeper_TitleAnnouncement_03-cr-res.jpg?w=1000","2020-11-24T15:46:35Z","Global streaming giant Netflix has acquired three high profile feature films and added four new series from South Korea.
The country is currently riding a cultural high with movies, TV dramas and K-… [+3073 chars]",NA,"Variety"
"84","jazztangcay","Blackpink Named Variety Hitmakers’ Group of the Year","Variety‘s Hitmakers Group of the Year, Jisoo, Jennie, Rose and Lisa — better known as Blackpink, broke big in the U.S. this year thanks to a high-profile Netflix documentary, “Light Up the Sky,” directed by Caroline Suh, as well as several successful singles.…","https://variety.com/2020/music/features/blackpink-group-of-the-year-hitmakers-1234845321/","https://variety.com/wp-content/uploads/2020/10/blackpink-1.jpg?w=1000","2020-12-03T19:30:30Z","Variety‘s Hitmakers Group of the Year, Jisoo, Jennie, Rose and Lisa — better known as Blackpink, broke big in the U.S. this year thanks to a high-profile Netflix documentary, “Light Up the Sky,” dire… [+2658 chars]",NA,"Variety"
"85","Britt Hayes on News, shared by Britt Hayes to The A.V. Club","Meet Nicolas Cage, cussing historian","Who the hell needs HBO’s Calm series when you can spend 30 minutes listening to Nicolas Cage wax poetic about swears? That slick little Netflix algorithm has once again clocked our most pressing needs with a six-episode series set to debut on January 5 titled…","https://news.avclub.com/meet-nicolas-cage-cussing-historian-1845842833","https://i.kinja-img.com/gawker-media/image/upload/c_fill,f_auto,fl_progressive,g_center,h_675,pg_1,q_80,w_1200/icwjvliqrgopneqmnqge.jpg","2020-12-09T16:48:00Z","Who the hell needs HBOs Calm series when you can spend 30 minutes listening to Nicolas Cage wax poetic about swears? That slick little Netflix algorithm has once again clocked our most pressing needs… [+1487 chars]",NA,"The A.V. Club"
"86","Trends Desk","Alicia Keys’ cover of BTS song ‘Life Goes On’ gets appreciation from K-pop band, fans","In a video that she tweeted, Alicia Keys says, “I bet ya’ll didn’t think I would play this one. Tell me if you know it.”","https://indianexpress.com/article/trending/trending-globally/alicia-keys-surprises-all-with-bts-song-cover-netizens-demand-collab-7068975/","https://images.indianexpress.com/2020/11/alicia-keys-bts-cover.jpg","2020-11-26T10:01:45Z","By: Trends Desk | New Delhi | 
November 26, 2020 3:31:45 pm
Fans of BTS loved Alicia Keys' version of the band's latest hit. There are plenty of covers of songs by K-pop giants BTS. But a new one b… [+3369 chars]",NA,"The Indian Express"
"87","Mindaugas Balčiauskas","TikTokers And K-Pop Stans Protest A Pro-Trump Rally By Flooding Its Hashtag With Pictures Of Pancakes","Even though the US presidential election results are in, Trump and his supporters — the MAGAhats — refuse to accept them.","https://www.boredpanda.com/pancake-pictures-million-maga-march/","https://static.boredpanda.com/blog/wp-content/uploads/2020/11/pancake-pictures-million-maga-march-fb.png","2020-11-16T11:29:27Z",NA,NA,"Boredpanda.com"
"88","Joan MacDonald, Contributor, 
 Joan MacDonald, Contributor
 https://www.forbes.com/sites/joanmacdonald/","Why Launching The K-Pop Group P1Harmony Involved Making A Film","FNC Entertainment produced a film to help their rookie k-pop group P1Harmony stand out from the dozens of groups making a debut in 2020.","https://www.forbes.com/sites/joanmacdonald/2020/11/12/why-launching-the-k-pop-group-p1harmony-involved-making-a-film/","https://thumbor.forbes.com/thumbor/fit-in/1200x0/filters%3Aformat%28jpg%29/https%3A%2F%2Fspecials-images.forbesimg.com%2Fimageserve%2F5fac17ed7f0ccf43371dbd20%2F0x0.jpg","2020-11-12T13:45:59Z","P1Harmony's six members are Keeho, Theo, Jiung, Intak, Soul, and Jongseob.
FNC Entertainment
The price tag to debut a new k-pop group can easily reach $1 million and thats without producing a featu… [+3763 chars]",NA,"Forbes"
"89","Twitter LatAm","BTS, AMLO, Bad Bunny and López-Gatell, among the most popular tweeters in Mexico this year","For their part, Danna Paola and Ester Exposito beat Chris Evans in the category of ""Actors and Actresses"" on Twitter.","https://www.entrepreneur.com/article/361140","https://assets.entrepreneur.com/content/3x2/2000/1607375654-pastedimage0.jpg","2020-12-07T21:15:00Z","December
7, 2020
4 min read
This article was translated from our Spanish edition using AI technologies. Errors may exist due to this process.
Opinions expressed by Entrepreneur contributors are t… [+4642 chars]",NA,"Entrepreneur"
"90","Engadget","The Morning After: SpaceX lines up a big test for the Starship","Keep an eye out today — we may see the first high-altitude test flight for SpaceX’s Starship. The vehicle Elon Musk sees as the key to fast travel around the Earth and multiplanetary living has only taken short hops so far, but its next trip will reach 50,000…","https://www.engadget.com/spacex-starship-flight-test-tma-121524177.html","https://o.aolcdn.com/images/dims?resize=1200%2C630&crop=1200%2C630%2C0%2C0&quality=95&image_uri=https%3A%2F%2Fs.yimg.com%2Fos%2Fcreatr-uploaded-images%2F2020-12%2Faa2521b0-394c-11eb-ae5b-1508c7382c10&client=amp-blogside-v2&signature=f9d21b6b4384230ed65233853613de7f5a5b6eaf","2020-12-08T12:15:24Z","Keep an eye out today — we may see the first high-altitude test flight for SpaceX’s Starship. The vehicle Elon Musk sees as the key to fast travel around the Earth and multiplanetary living has only … [+3833 chars]","engadget","Engadget"
"91","Tayná Garcia","Just Dance 2021 recebe música de K/DA, grupo de k-pop de League of Legends","A música ""Drum Go Dum""
The post Just Dance 2021 recebe música de K/DA, grupo de k-pop de League of Legends appeared first on Jovem Nerd.","https://jovemnerd.com.br/nerdbunker/just-dance-2021-musica-de-k-da/","https://uploads.jovemnerd.com.br/wp-content/uploads/2020/11/just-dance-2021-musica-de-k-da.jpg","2020-11-25T21:57:56Z","A Ubisoft acaba de anunciar que Just Dance 2021 disponibilizou a música “Drum Go Dum” do K/DA, grupo de k-pop de League of Legends.
Confira um vídeo que revela trechos da coreografia logo abaixo.
A… [+225 chars]",NA,"Jovemnerd.com.br"
"92","Aaron Holmes","How AI startup Reface convinced Andreessen Horowitz, Justin Bieber's manager, and other entertainment execs to invest $5.5 million in an app that lets users swap faces with celebrities","Summary List PlacementElon Musk's head sits egglike atop Dwayne ""The Rock"" Johnson's brawny shoulders. A bearded Chrissy Teigen sings in her husband John Legend's voice. Donald Trump nails the choreography of a bejeweled K-Pop star.
And now, investors want in…","https://www.businessinsider.com/reface-app-fundraising-andreessen-horowitz-series-a-deepfake-2020-12","https://i.insider.com/5fce4acceadd8400183df76a?width=1200&format=jpeg","2020-12-08T15:00:00Z","Elon Musk's head sits egglike atop Dwayne ""The Rock"" Johnson's brawny shoulders. A bearded Chrissy Teigen sings in her husband John Legend's voice. Donald Trump nails the choreography of a bejeweled … [+5406 chars]","business-insider","Business Insider"
"93","editors","BTS nominated for Grammy's best pop duo/group performance for Dynamite; first K-pop artist to do so","","https://upstract.com/p/jn4bq7dw?ref=rss&rd=1","https://cdn.upstract.com/p/p9qet8SsMZUTKEKeW55o/jn4bq7dw/86wwtwjsxt_t.jpg","2020-11-25T04:46:30Z",NA,NA,"Upstract.com"
"94","info@hypebeast.com (HYPEBEAST), HYPEBEAST","88rising and SiriusXM Debut ""88RISING RADIO"": An All-Asian Artist Music Channel","88rising, music and media entity founded by Sean Miyashiro, has joined forces with SiriusXM to launch ""88RISING RADIO"" — a 24/7 radio channel streamed in North America that will exclusively feature Asian artists of multiple genres. This serves as the latest c…","https://hypebeast.com/2020/12/88rising-radio-siriusxm-all-asian-music-channel-info","https://image-cdn.hypb.st/https%3A%2F%2Fhypebeast.com%2Fimage%2F2020%2F12%2F88rising-radio-siriusxm-all-asian-music-channel-info-tw.jpg?w=960&cbr=1&q=90&fit=max","2020-12-03T21:20:18Z","88rising, music and media entity founded by Sean Miyashiro, has joined forces with SiriusXM to launch “88RISING RADIO” a 24/7 radio channel streamed in North America that will exclusively feature Asi… [+1683 chars]",NA,"HYPEBEAST"
"95","Jeff Benjamin, Senior Contributor, 
 Jeff Benjamin, Senior Contributor
 https://www.forbes.com/sites/jeffbenjamin/","2020 Mnet Asia Music Awards To Stream Free Featuring BTS, TWICE, NCT, James Corden & More","The current full lineup of performers boasts 20 K-pop names including BoA, BTS, Taemin, GOT7, MAMAMOO, Monsta X, Oh My Girl, Seventeen, TWICE, Jessi, NCT, Stray Kids, (G)I-DLE, The Boyz, IZ*ONE, Tomorrow X Together, Cravity, TREASURE, EHYPEN, as well as the J…","https://www.forbes.com/sites/jeffbenjamin/2020/12/05/2020-mnet-asia-music-awards-to-stream-free-featuring-bts-twice-nct-james-corden--more/","https://thumbor.forbes.com/thumbor/fit-in/1200x0/filters%3Aformat%28jpg%29/https%3A%2F%2Fspecials-images.forbesimg.com%2Fimageserve%2F5fcaf79dfbaa9e4ad6aad71a%2F0x0.jpg%3FcropX1%3D0%26cropX2%3D4000%26cropY1%3D0%26cropY2%3D2667","2020-12-05T05:45:33Z","NAGOYA, JAPAN - DECEMBER 04: (from left) V, Suga, Jin, Jungkook, RM,Jimin and J-Hope of BTS attend ... [+] the 2019 Mnet Asian Music Awards(MAMA) at Nagoya Dome on December 4, 2019 in Nagoya, Japan. … [+2188 chars]",NA,"Forbes"
"96","editors","BTS Cozies Up in New 'On My Pillow' Version of 'Life Goes On' Video: Watch","BTS has shared a new version of its music video for ""Life Goes On,"" the lead single from the K-pop group's latest album, ""BE.""","https://upstract.com/p/wvhb9gps?ref=rss&rd=1","https://cdn.upstract.com/p/p9qet8SsMZUTKEKeW55o/wvhb9gps/qugvd9iqp3_t.jpg","2020-11-21T19:19:39Z",NA,NA,"Upstract.com"
"97","editors","K-pop band BTS earn their first Grammy nomination for hit song 'Dynamite'","K-pop group BTS, arguably the biggest boy band in the world, earned their first ever Grammy Award nomination on Tuesday for their hit song 'Dynamite.'","https://upstract.com/p/ga4c6fpc?ref=rss&rd=1","https://cdn.upstract.com/p/p9qet8SsMZUTKEKeW55o/ga4c6fpc/2g8dq74uty_t.jpg","2020-11-25T03:48:00Z",NA,NA,"Upstract.com"
"98","Amanda Kooser","Incredible solar telescope image shows sunspot you could fit Earth into - CNET","The most advanced solar telescope on the planet isn't even finished yet and it's already blowing minds.","https://www.cnet.com/news/incredible-new-solar-telescope-image-shows-sunspot-you-could-fit-earth-into/","https://cnet3.cbsistatic.com/img/Pxej67DgSLXt9RKWlsT9ezLzbRY=/1200x630/2020/12/07/14e39f6a-5f0a-40a9-aa99-4bac4f6b77b5/sunspotinouye.jpg","2020-12-08T21:10:00Z","The first sunspot image from the Inouye Solar Telescope gives a preview of the science to come.
NSO/AURA/NSF
It's easy to take the sun for granted here on Earth. It shows up every day, does its job… [+1440 chars]",NA,"CNET"
"99","Choe Sang-Hun","New ‘BTS Law’ Is Passed in South Korea. An Army of Fans Rejoice.","The oldest member of BTS was saved at the last minute from having to join the military under the country’s conscription system.","https://www.nytimes.com/2020/12/01/world/asia/korea-bts-law-military-deferment.html","https://static01.nyt.com/images/2020/12/01/world/01skorea-kpop/01skorea-kpop-facebookJumbo.jpg","2020-12-01T09:32:01Z","Under the revised law, K-pop entertainers who have received government medals for helping spread or elevate the countrys cultural influence around the world can apply for deferment of their military … [+1160 chars]",NA,"New York Times"
"100","Cassell Ferere, Contributor, 
 Cassell Ferere, Contributor
 https://www.forbes.com/sites/cassellferere/","How K-Pop Star Jackson Wang Is Breaking Into Streetwear Fashion","K-pop star Jackson Wang is venturing into streetwear​ design with his TEAM WANG brand referencing his journey to becoming a singer and rapper from Olympic fencer, crafting his aesthetic.","https://www.forbes.com/sites/cassellferere/2020/11/16/how-k-pop-star-jackson-wang-is-breaking-into-streetwear-fashion/","https://thumbor.forbes.com/thumbor/fit-in/1200x0/filters%3Aformat%28jpg%29/https%3A%2F%2Fspecials-images.forbesimg.com%2Fimageserve%2F5fa9e4d387921554be5165de%2F0x0.jpg","2020-11-16T17:08:00Z","Jackson Wang standing in Monet Installation for One Art Museum in Shanghai, Monet collaboration.
TEAM WANG x One Art Museum
Streetwear and K-pop have seldom crossed paths, other than at the departm… [+4558 chars]",NA,"Forbes"
